-- phpMyAdmin SQL Dump
-- version 4.7.0
-- https://www.phpmyadmin.net/
--
-- Servidor: 127.0.0.1
-- Tiempo de generación: 20-01-2020 a las 21:49:03
-- Versión del servidor: 10.1.25-MariaDB
-- Versión de PHP: 5.6.31

SET SQL_MODE = "NO_AUTO_VALUE_ON_ZERO";
SET AUTOCOMMIT = 0;
START TRANSACTION;
SET time_zone = "+00:00";


/*!40101 SET @OLD_CHARACTER_SET_CLIENT=@@CHARACTER_SET_CLIENT */;
/*!40101 SET @OLD_CHARACTER_SET_RESULTS=@@CHARACTER_SET_RESULTS */;
/*!40101 SET @OLD_COLLATION_CONNECTION=@@COLLATION_CONNECTION */;
/*!40101 SET NAMES utf8mb4 */;

--
-- Base de datos: `gestion_izaje`
--

-- --------------------------------------------------------

--
-- Estructura de tabla para la tabla `certificados`
--

CREATE TABLE `certificados` (
  `certificado_id` int(11) NOT NULL,
  `nCertCodigo` varchar(100) DEFAULT NULL,
  `nCertNombre` varchar(100) NOT NULL,
  `nCertCalificacion` int(2) DEFAULT NULL,
  `nCertRutaArchivo` text NOT NULL,
  `nCertFechaEmision` date DEFAULT NULL,
  `nCertFechaVencimiento` date DEFAULT NULL,
  `Usuario_Id` int(11) NOT NULL,
  `Equipo_Id` int(11) NOT NULL,
  `nCertEstado` int(11) DEFAULT NULL
) ENGINE=InnoDB DEFAULT CHARSET=utf8;

--
-- Volcado de datos para la tabla `certificados`
--

INSERT INTO `certificados` (`certificado_id`, `nCertCodigo`, `nCertNombre`, `nCertCalificacion`, `nCertRutaArchivo`, `nCertFechaEmision`, `nCertFechaVencimiento`, `Usuario_Id`, `Equipo_Id`, `nCertEstado`) VALUES
(37, '1000', 'DISEÑO WEB 1', 20, '', '2020-01-01', '2021-01-01', 15, 0, NULL),
(38, '200', 'ELECTRONICA', 15, '', '2020-01-01', '2025-01-01', 0, 7, NULL),
(40, '300', 'DDD', 23, '', '2020-01-01', '2030-01-01', 0, 12, NULL),
(41, 'DD', 'DD', 0, '', '2020-01-01', '2040-01-01', 18, 0, NULL),
(42, 'EEEE', 'EEE', 0, '', '2020-01-01', '2050-01-01', 0, 19, NULL),
(47, 'COD MOTO', 'MOTO EN ALTURAS', 20, '', '2020-01-06', '2021-01-06', 0, 24, NULL),
(48, 'CER1', 'DISEÑO WEB 2', 20, '', '2020-01-01', '2021-01-01', 21, 0, NULL),
(49, 'CER3', 'PISTERA', 20, '', '2020-01-01', '2022-01-01', 0, 25, NULL),
(50, 'CER100', 'CERTIFICADO IZAJE DE INSUMOS', 19, '', '2020-01-06', '2021-01-06', 0, 25, NULL),
(51, 'CER 100', 'CERTIFICADO MAQUINARIA PESADA', 20, '', '2020-01-01', '2022-01-01', 20, 0, NULL),
(52, '22', '22', 22, '', '2020-01-01', '2020-01-01', 22, 0, NULL),
(53, 'CER 200', 'MAQUINARIA PESADA', 20, '', '2020-01-01', '2022-01-01', 0, 26, NULL),
(54, 'CER100', 'TECNICO MAQUINARIA', 20, '', '2020-01-06', '2021-01-06', 24, 0, NULL),
(61, 'jjjjjjjjjj', 'uu', 90, '', '2019-01-01', '2020-01-01', 0, 30, 1),
(62, 'jjjjjjjjjj', 'uu', 90, '', '2019-01-01', '2020-01-01', 0, 30, 1),
(63, 'jjjjjjjjjj', 'uu', 90, '', '2019-01-01', '2020-01-01', 0, 30, 1),
(64, 'jjjjjjjjjj', 'uu', 90, '', '2019-01-01', '2020-01-01', 0, 30, 1),
(65, 'jjjjjjjjjj', 'uu', 90, '', '2019-01-01', '2020-01-01', 0, 30, 1),
(66, 'jjjjjjjjjj', 'uu', 90, '', '2019-01-01', '2020-01-01', 0, 30, 1),
(67, 'jjjjjjjjjj', 'uu', 90, '', '2019-01-01', '2020-01-01', 0, 30, 1),
(68, 'jjjjjjjjjj', 'uu', 90, '', '2019-01-01', '2020-01-01', 0, 30, 1),
(69, 'jjjjjjjjjj', 'uu', 90, '', '2019-01-01', '2020-01-01', 0, 30, 1),
(70, 'lll', 'lll', 99, '', '2019-01-01', '2020-01-01', 0, 30, 1),
(72, 'GS-OPCGPA-2019-001', 'OPERADOR DE CAMIÓN GRÚA DE PLUMA ARTICULADA', 94, '', '2019-02-06', '2020-02-06', 27, 0, 1),
(73, 'GS-OPCGPA-2019-002', 'OPERADOR DE CAMIÓN GRÚA DE PLUMA ARTICULADA PM 50526 CAP. 21200 KG', 94, '', '2019-02-18', '2020-02-18', 28, 0, 1),
(74, 'GS-RGCGPA-2019-003', 'RIGGER DE CAMIÓN GRÚA DE PLUMA ARTICULADA', 88, '', '2019-02-13', '2020-02-13', 29, 0, 1),
(75, 'GS-RGCGPA-2019-004', 'RIGGER DE CAMIÓN GRÚA DE PLUMA ARTICULADA', 89, '', '2019-02-28', '2020-02-28', 30, 0, 1),
(76, 'GS-OPCGPA-2019-005', 'OPERADOR DE CAMIÓN GRÚA DE PLUMA ARTICULADA PM 45028   CAP. 16T', 91, '', '2019-03-05', '2020-03-05', 31, 0, 1),
(77, 'GS - SPCGPA- 2019 - 006', 'SUPERVISOR DE IZAJE DE CAMIÓN GRÚA DE PLUMA ARTICULADA', 96, '', '2019-03-07', '2020-03-07', 32, 0, 1),
(78, 'GS - SPCGPA- 2019 - 007', 'SUPERVISOR DE IZAJE DE CAMIÓN GRÚA DE PLUMA ARTICULADA', 95, '', '2019-03-07', '2020-03-07', 33, 0, 1),
(79, 'GS - SPCGPA- 2019 - 008', 'SUPERVISOR DE IZAJE DE CAMIÓN GRÚA DE PLUMA ARTICULADA', 96, '', '2019-03-07', '2020-03-07', 34, 0, 1),
(80, 'GS - SPCGPA- 2019 - 009', 'SUPERVISOR DE IZAJE DE CAMIÓN GRÚA DE PLUMA ARTICULADA', 95, '', '2019-03-12', '2020-03-12', 35, 0, 1),
(81, 'GS - SPCGPA- 2019 - 010', 'SUPERVISOR DE IZAJE DE CAMIÓN GRÚA DE PLUMA ARTICULADA', 97, '', '2019-03-12', '2020-03-12', 36, 0, 1),
(83, 'GS - OPCGPA- 2019 - 011', 'OPERADOR DE CAMIÓN GRÚA DE PLUMA ARTICULADA HASTA 10.0 TN', 91, '', '2019-03-12', '2020-03-12', 37, 0, 1),
(84, 'GS - RGCGPA- 2019 - 012', 'RIGGER DE CAMIÓN GRÚA DE PLUMA ARTICULADA', 85, '', '2019-01-15', '2020-01-15', 38, 0, 1),
(85, 'GS – RGCGPA- 2019 - 013', 'RIGGER DE CAMIÓN GRÚA DE PLUMA ARTICULADA', 86, '', '2019-03-01', '2020-03-01', 39, 0, 1),
(86, 'GS - OPCGPA- 2019 - 014', 'OPERADOR DE CAMIÓN GRÚA DE PLUMA ARTICULADA HASTA 10.0 TN', 93, '', '2019-03-22', '2020-03-22', 40, 0, 1),
(87, 'GS - SPCGPA- 2019 - 015', 'SUPERVISOR DE IZAJE DE CAMIÓN GRÚA DE PLUMA ARTICULADA', 96, '', '2019-03-21', '2020-03-21', 41, 0, 1),
(88, 'GS - RGCGPA- 2019 - 016', 'RIGGER DECAMIÓN GRÚA DE PLUMA ARTICULADA', 87, '', '2019-03-21', '2020-03-21', 42, 0, 1),
(89, 'GS - OPCGPA- 2019 - 017', 'OPERADOR DECAMIÓN GRÚA DE PLUMA ARTICULADA HASTA 22 TN', 95, '', '2019-03-21', '2020-03-21', 43, 0, 1),
(90, 'GS - SPCGPA- 2019 - 018', 'SUPERVISOR DE IZAJE DE CAMIÓN GRÚA DE PLUMA ARTICULADA', 97, '', '2019-03-27', '2020-03-27', 44, 0, 1),
(91, 'GS - SPCGPA- 2019 - 019', 'SUPERVISOR DE IZAJE DE CAMIÓN GRÚA DE PLUMA ARTICULADA', 99, '', '2019-03-27', '2020-03-27', 45, 0, 1),
(92, 'GS - RGCGPA- 2019 - 020', 'RIGGER DECAMIÓN GRÚA DE PLUMA ARTICULADA', 88, '', '2019-03-27', '2020-03-27', 46, 0, 1),
(93, 'GS - OPCGPA- 2019 - 021', 'OPERADOR DECAMIÓN GRÚA DE PLUMA ARTICULADA HIAB 477E-8 CAP. 16 TN', 92, '', '2019-03-28', '2020-03-28', 47, 0, 1),
(94, 'GS - RGMIC- 2019 – 022', 'MANIOBRISTA DE IZAJE DE CARGAS - RIGGER', 90, '', '2019-02-08', '2020-02-08', 48, 0, 1),
(95, 'GS - RGGM- 2019 - 023', 'RIGGER DE GRUA MOVIL', 87, '', '2019-04-02', '2020-04-02', 49, 0, 1),
(96, 'GS - SPCGPA- 2019 - 024', 'SUPERVISOR DE IZAJE DECAMIÓN GRÚA DE PLUMA ARTICULADA', 95, '', '2019-04-03', '2020-04-03', 50, 0, 1),
(97, 'GS - OPCGPA- 2019 - 025', 'OPERADOR DE CAMION GRUA DE PLUMA ARTICULADA HIAB XS 377 HIPRO CAP. 10 TN', 91, '', '2019-04-10', '2020-04-10', 51, 0, 1),
(98, 'GS - OPGP- 2019 - 026', 'OPERADOR DE GRUA PUENTE', 94, '', '2019-04-10', '2020-04-10', 52, 0, 1),
(100, 'GS - SCGPA- 2019 - 027', 'SUPERVISOR DE IZAJE', 97, '', '2019-04-12', '2020-04-12', 53, 0, 1),
(101, 'GS – RGCGPA- 2019 - 028', 'RIGGER CAMIÓN GRÚA DE PLUMA ARTICULADA', 86, '', '2019-04-23', '2020-04-23', 54, 0, 1),
(102, 'GS - OPCGPA- 2019 - 029', 'OPERADOR DE CAMIÓN GRÚA DE PLUMA ARTICULADA HASTA 22 TN', 92, '', '2019-05-17', '2020-05-17', 55, 0, 1),
(103, 'GS - RGCGPA- 2019 - 030', 'RIGGER DE CAMION GRUA DE PLUMA ARTICULADA', 87, '', '2019-05-18', '2020-05-18', 56, 0, 1),
(104, 'GS - OPCGPA- 2019 - 031', 'OPERADOR DECAMIÓN GRÚA DE PLUMA ARTICULADA PM 50526 CAP. 21200 KG', 90, '', '2019-05-27', '2020-05-27', 57, 0, 1),
(105, 'GS – OPCGPA- 2019 - 031.', 'OPERADOR DE CAMIÓN GRÚA DE PLUMA ARTICULADA HIAB 12 TN', 90, '', '2019-05-22', '2020-05-22', 58, 0, 1),
(106, 'GS – RGCGPA- 2019 - 032', 'RIGGER DE CAMIÓN GRÚA DE PLUMA ARTICULADA', 87, '', '2019-05-27', '2020-05-27', 59, 0, 1),
(107, 'GS – OPCGPA- 2019 - 033', 'OPERADOR DE CAMIÓN GRÚA DE PLUMA ARTICULADA', 93, '', '2019-05-27', '2020-05-27', 60, 0, 1),
(108, 'GS – OPCGPA- 2019 - 034', 'OPERADOR DE CAMIÓN GRÚA DE PLUMA ARTICULADA', 95, '', '2019-05-27', '2020-05-27', 61, 0, 1),
(109, 'GS – OPCGPA- 2019 - 035', 'OPERADOR DE CAMIÓN GRÚA DE PLUMA ARTICULADA', 95, '', '2019-06-14', '2020-06-14', 62, 0, 1),
(110, 'GS – RGCGPA- 2019 - 036', 'RIGGER DE CAMIÓN GRÚA DE PLUMA ARTICULADA', 85, '', '2019-06-14', '2020-06-14', 63, 0, 1),
(111, 'GS - OPCGPA- 2019 - 037', 'OPERADOR DE CAMIÓN GRÚA DE PLUMA ARTICULADA HIAB 477 EP-5 HIDUO 12 TN', 94, '', '2019-06-17', '2020-06-17', 64, 0, 1),
(112, 'GS – RGCGPA- 2019 - 038', 'RIGGER DE CAMIÓN GRÚA DE PLUMA ARTICULADA', 86, '', '2019-06-18', '2020-06-18', 65, 0, 1),
(113, 'GS - RGCGPA- 2019 - 038.', 'RIGGER DE CAMIÓN GRÚA DE PLUMA ARTICULADA', 86, '', '2019-06-17', '2020-06-17', 66, 0, 1),
(114, 'GS – OPCGPA- 2019 - 039', 'OPERADOR DE CAMIÓN GRÚA DE PLUMA ARTICULADA 20 TN', 93, '', '2019-06-18', '2020-06-18', 67, 0, 1),
(115, 'GS – RCGPA- 2019 - 040', 'RIGGER DE GRÚA TELESCOPICA', 88, '', '2019-05-15', '2020-05-15', 68, 0, 1),
(116, 'GS - SPCGPA- 2019 - 041', 'SUPERVISOR DE IZAJE DE CAMIÓN GRÚA DE PLUMA ARTICULADA', 97, '', '2019-06-27', '2020-06-27', 69, 0, 1),
(117, 'GS - SPCGPA- 2019 - 041.', 'SUPERVISOR DE IZAJE DE CAMIÓN GRÚA DE PLUMA ARTICULADA', 95, '', '2019-07-03', '2020-07-03', 70, 0, 1),
(118, 'GS – RGCGPA- 2019 - 042', 'RIGGER DE CAMIÓN GRÚA DE PLUMA ARTICULADA', 87, '', '2019-07-05', '2020-07-05', 71, 0, 1),
(119, 'GS – OPCGPA- 2019 - 043', 'OPERADOR DE CAMIÓN GRÚA DE PLUMA ARTICULADA 20 TN', 95, '', '2019-07-08', '2020-07-08', 72, 0, 1),
(120, 'GS – OPCGPA- 2019 - 044', 'RIGGER DE CAMIÓN GRÚA DE PLUMA ARTICULADA', 88, '', '2019-07-08', '2020-07-08', 73, 0, 1),
(121, 'GS – OPCGPA- 2019 - 045', 'OPERADOR DE CAMIÓN GRÚA DE PLUMA ARTICULADA 16 TN', 96, '', '2019-07-18', '2020-07-18', 74, 0, 1),
(122, 'GS – OPCGPA- 2019 - 046', 'OPERADOR DE CAMIÓN GRÚA DE PLUMA ARTICULADA 16 TN', 97, '', '2019-07-18', '2020-07-18', 75, 0, 1),
(123, 'GS – RGCGPA- 2019 - 047', 'RIGGER DE CAMIÓN GRÚA DE PLUMA ARTICULADA', 85, '', '2019-07-18', '2020-07-18', 76, 0, 1),
(125, 'GS – RGCGPA- 2019 - 048', 'RIGGER DE CAMIÓN GRÚA DE PLUMA ARTICULADA', 86, '', '2019-07-18', '2020-07-18', 77, 0, 1),
(126, 'GS – OPCGPA- 2019 - 049', 'OPERADOR  DE CAMIÓN GRÚA DE PLUMA ARTICULADA 16 TN', 98, '', '2019-07-18', '2020-07-18', 78, 0, 1),
(127, 'GS - SPCGPA- 2019 - 050', 'SUPERVISOR DE IZAJE DE CAMIÓN GRÚA DE PLUMA ARTICULADA', 99, '', '2019-07-18', '2020-07-18', 79, 0, 1),
(128, 'GS - SPCGPA- 2019 - 051', 'SUPERVISOR DE IZAJE DE CAMIÓN GRÚA DE PLUMA ARTICULADA', 98, '', '2019-07-18', '2020-07-18', 80, 0, 1),
(129, 'GS - OPCGPA- 2019 - 052', 'OPERADOR DECAMIÓN GRÚA DE PLUMA ARTICULADA HASTA 22 TN', 99, '', '2019-08-03', '2020-08-03', 81, 0, 1),
(130, 'GS - OPCGPA- 2019 - 053', 'OPERADOR DECAMIÓN GRÚA DE PLUMA ARTICULADA HASTA 22 TN', 95, '', '2019-07-23', '2020-07-23', 82, 0, 1),
(131, 'GS - OPCGPA- 2019 - 054', 'OPERADOR DECAMIÓN GRÚA DE PLUMA ARTICULADA PM 50526 CAP. 21200 KG', 96, '', '2019-06-20', '2020-06-20', 83, 0, 1),
(132, 'GS - RGCGPA- 2019 - 055', 'RIGGER DE CAMIÓN GRÚA DE PLUMA ARTICULADA', 85, '', '2019-09-02', '2020-09-02', 84, 0, 1),
(133, 'GS - OPCGPA- 2019 - 056', 'OPERADOR DE CAMIÓN GRÚA DE PLUMA ARTICULADA HASTA 22 TN', 91, '', '2019-09-04', '2020-09-04', 85, 0, 1),
(134, 'GS - OPCGPA- 2019 - 057', 'OPERADOR DE CAMIÓN GRÚA DE PLUMA ARTICULADA HASTA 22 TN', 93, '', '2019-09-09', '2020-09-09', 86, 0, 1),
(135, 'GS - RGCGPA- 2019 - 058', 'RIGGER DE CAMIÓN GRÚA DE PLUMA ARTICULADA', 89, '', '2019-09-09', '2020-09-09', 87, 0, 1),
(136, 'GS - RGCGPA- 2019 - 059', 'RIGGER DE CAMIÓN GRÚA DE PLUMA ARTICULADA', 90, '', '2019-08-22', '2020-08-22', 88, 0, 1),
(137, 'GS - SPCGPA- 2019 - 060', 'SUPERVISOR DE IZAJE DE GRÚA MOVIL', 99, '', '2019-08-27', '2020-08-27', 89, 0, 1),
(138, 'GS - OPCGPA- 2019 - 061', 'OPERADOR DE CAMIÓN GRÚA DE PLUMA', 93, '', '2019-08-28', '2020-08-28', 90, 0, 1),
(139, 'GS - SPCGPA- 2019 - 062', 'SUPERVISOR DE IZAJE DE GRÚA MOVIL', 95, '', '2019-08-27', '2020-08-27', 91, 0, 1),
(140, 'GS - OPCGPA- 2019 - 063', 'OPERADOR DECAMIÓN GRÚA DE PLUMA ARTICULADA', 91, '', '2019-08-28', '2020-08-28', 92, 0, 1),
(141, 'GS - SPCGPA- 2019 - 064', 'SUPERVISOR DE IZAJE DE GRÚA MOVIL', 95, '', '2019-08-28', '2020-08-28', 93, 0, 1),
(142, 'GS - SPCGPA- 2019 - 065', 'SUPERVISOR DE IZAJE DE CAMIÓN GRÚA DE PLUMA ARTICULADA', 97, '', '2019-08-28', '2020-08-28', 94, 0, 1),
(144, 'GS - OPCGPA- 2019 - 066', 'OPERADOR DE CAMIÓN GRÚA DE PLUMA ARTICULADA', 93, '', '2019-08-31', '2020-08-31', 95, 0, 1),
(145, 'GS - RGCGPA- 2019 - 067', 'RIGGER DE CAMIÓN GRÚA DE PLUMA ARTICULADA', 88, '', '2019-08-31', '2020-08-31', 96, 0, 1),
(146, 'GS – OPCGPA- 2019 - 068', 'OPERADOR DE CAMIÓN GRÚA DE PLUMA ARTICULADA', 94, '', '2019-09-02', '2020-09-02', 97, 0, 1),
(147, 'GS – OPCGPA- 2019 - 069', 'OPERADOR DE CAMIÓN GRÚA DE PLUMA ARTICULADA', 96, '', '2019-09-04', '2020-09-04', 98, 0, 1),
(148, 'GS – OPCGPA- 2019 - 070', 'OPERADOR DE CAMIÓN GRÚA DE PLUMA ARTICULADA HIAB XS477 CAP. 12 TN', 95, '', '2019-09-02', '2020-09-02', 99, 0, 1),
(149, 'GS – RGCGPA- 2019 - 071', 'RIGGER DE CAMIÓN GRÚA DE PLUMA ARTICULADA', 89, '', '2019-09-02', '2020-09-02', 100, 0, 1),
(150, 'GS - SPCGPA- 2019 - 072', 'SUPERVISOR DE IZAJE DE CAMIÓN GRÚA DE PLUMA ARTICULADA', 96, '', '2019-09-17', '2020-09-17', 101, 0, 1),
(151, 'GS - SPCGPA- 2019 - 073', 'SUPERVISOR DE IZAJE DE CAMIÓN GRÚA DE PLUMA ARTICULADA', 95, '', '2019-09-17', '2020-09-17', 102, 0, 1),
(152, 'GS - SPCGPA- 2019 - 074', 'SUPERVISOR DE IZAJE DE CAMIÓN GRÚA DE PLUMA ARTICULADA', 96, '', '2019-09-25', '2020-09-25', 103, 0, 1),
(153, 'GS - OPCGPA- 2019 - 075', 'OPERADOR DE CAMIÓN GRÚA DE PLUMA ARTICULADA HASTA 10.0 TN', 95, '', '2019-10-11', '2020-10-11', 104, 0, 1),
(154, 'GS - SPCGPA- 2019 - 076', 'SUPERVISOR DE IZAJE DE CAMIÓN GRÚA DE PLUMA ARTICULADA', 97, '', '2019-10-05', '2020-10-05', 105, 0, 1),
(155, 'GS - SPCGPA- 2019 - 077', 'SUPERVISOR DE IZAJE DE CAMIÓN GRÚA DE PLUMA ARTICULADA', 99, '', '2019-10-07', '2020-10-07', 106, 0, 1),
(156, 'GS - SPCGPA- 2019 - 078', 'SUPERVISOR DE IZAJE DE CAMIÓN GRÚA DE PLUMA ARTICULADA', 99, '', '2019-10-07', '2020-10-07', 107, 0, 1),
(157, 'GS - RGCGPA- 2019 - 079', 'RIGGER DE CAMIÓN GRÚA DE PLUMA ARTICULADA', 90, '', '2019-10-08', '2020-10-08', 108, 0, 1),
(158, 'GS - RGCGPA- 2019 - 080', 'RIGGER DE CAMIÓN GRÚA DE PLUMA ARTICULADA', 89, '', '2019-10-08', '2020-10-08', 109, 0, 1),
(159, 'GS - RGCGPA- 2019 - 081', 'RIGGER DE CAMIÓN GRÚA DE PLUMA ARTICULADA', 88, '', '2019-10-08', '2020-10-08', 110, 0, 1),
(160, 'GS - RGCGPA- 2019 - 082', 'RIGGER DE CAMIÓN GRÚA DE PLUMA ARTICULADA', 86, '', '2019-10-08', '2020-10-08', 111, 0, 1),
(161, 'GS - RGCGPA- 2019 - 083', 'RIGGER DE CAMIÓN GRÚA DE PLUMA ARTICULADA', 87, '', '2019-10-08', '2020-10-08', 112, 0, 1),
(162, 'GS - SPCGPA- 2019 - 084', 'SUPERVISOR DE IZAJE DE CAMIÓN GRÚA DE PLUMA ARTICULADA', 99, '', '2019-10-08', '2020-10-08', 113, 0, 1),
(163, 'GS - SPCGPA- 2019 - 085', 'SUPERVISOR DE IZAJE DE CAMIÓN GRÚA DE PLUMA ARTICULADA', 95, '', '2019-10-08', '2020-10-08', 114, 0, 1),
(164, 'GS - OPCGPA- 2019 - 086', 'OPERADOR DE CAMIÓN GRÚA DE PLUMA ARTICULADA FASSI F600.27 30000 KG', 96, '', '2019-10-08', '2020-10-08', 115, 0, 1),
(165, 'GS - OPCGPA- 2019 - 087', 'OPERADOR DE CAMIÓN GRÚA DE PLUMA ARTICULADA FASSI F600.27 30000 KG', 95, '', '2019-10-08', '2020-10-08', 116, 0, 1),
(166, 'GS - OPCGPA- 2019 - 088', 'OPERADOR DE CAMIÓN GRÚA DE PLUMA ARTICULADA HASTA 10.0 TN', 97, '', '2019-10-09', '2020-10-09', 117, 0, 1),
(167, 'GS - OPCGPA- 2019 - 089', 'OPERADOR DE GRUA DE PLUMA TELESCOPICA GROVE GMK3055 17-68 CAP 40 TON', 93, '', '2019-10-19', '2020-10-19', 118, 0, 1),
(168, 'GS - OPCGPA- 2019 - 090', 'OPERADOR DE CAMIÓN GRÚA DE PLUMA ARTICULADA', 92, '', '2019-11-02', '2020-11-02', 119, 0, 1),
(169, 'GS - OPCGPA- 2019 - 091', 'OPERADOR DE CAMIÓN GRÚA DE PLUMA ARTICULADA PM 45028 CAP. 16 TN', 94, '', '2019-10-10', '2020-10-10', 120, 0, 1),
(170, 'GS - SPCGPA- 2019 - 092', 'SUPERVISOR DE IZAJE DE CAMIÓN GRÚA DE PLUMA ARTICULADA', 95, '', '2019-10-08', '2020-10-08', 121, 0, 1),
(171, 'GS - SPCGPA- 2019 - 093', 'SUPERVISOR DE IZAJE DE CAMIÓN GRÚA DE PLUMA ARTICULADA', 98, '', '2019-10-08', '2020-10-08', 122, 0, 1),
(172, 'GS - SPCGPA- 2019 - 094', 'SUPERVISOR DE IZAJE DE CAMIÓN GRÚA DE PLUMA ARTICULADA', 99, '', '2019-10-08', '2020-10-08', 123, 0, 1),
(173, 'GS - SPCGPA- 2019 - 095', 'SUPERVISOR DE IZAJE DE CAMIÓN GRÚA DE PLUMA ARTICULADA', 99, '', '2019-10-08', '2020-10-08', 124, 0, 1),
(174, 'GS - SPCGPA- 2019 - 096', 'SUPERVISOR DE IZAJE DE CAMIÓN GRÚA DE PLUMA ARTICULADA', 97, '', '2019-10-08', '2020-10-08', 125, 0, 1),
(175, 'GS - SPCGPA- 2019 - 097', 'SUPERVISOR DE IZAJE DE CAMIÓN GRÚA DE PLUMA ARTICULADA', 96, '', '2019-10-08', '2020-10-08', 126, 0, 1),
(176, 'GS - RGCGPA- 2019 - 098', 'RIGGER DE CAMIÓN GRÚA DE PLUMA ARTICULADA', 89, '', '2019-10-25', '2020-10-25', 127, 0, 1),
(177, 'GS - SPCGPA- 2019 - 099', 'SUPERVISOR DE IZAJE DE CAMIÓN GRÚA DE PLUMA ARTICULADA', 96, '', '2019-10-28', '2020-10-28', 128, 0, 1),
(178, 'GS - SPCGPA- 2019 - 100', 'SUPERVISOR DE IZAJE DE CAMIÓN GRÚA DE PLUMA ARTICULADA', 94, '', '2019-10-28', '2020-10-28', 129, 0, 1),
(179, 'GS - RGCGPA- 2019 - 101', 'RIGGER DE CAMIÓN GRÚA DE PLUMA ARTICULADA', 85, '', '2019-11-04', '2020-11-04', 130, 0, 1),
(180, 'GS - RGCGPA- 2019 - 102', 'RIGGER DE CAMIÓN GRÚA DE PLUMA ARTICULADA', 87, '', '2019-11-11', '2020-11-11', 131, 0, 1),
(181, 'GS - SPCGPA- 2019 - 103', 'SUPERVISOR DE IZAJE DE CAMIÓN GRÚA DE PLUMA ARTICULADA', 98, '', '2019-11-11', '2020-11-11', 132, 0, 1),
(182, 'GS - SPCGPA- 2019 - 104', 'SUPERVISOR DE IZAJE DE CAMIÓN GRÚA DE PLUMA ARTICULADA', 97, '', '2019-11-11', '2020-11-11', 133, 0, 1),
(183, 'GS - OPCGPA- 2019 - 105', 'OPERADOR DE GRUA DE PLUMA TELESCOPICA TADANO GT-600EL CAP 60 TON', 96, '', '2019-12-11', '2020-12-11', 118, 0, 1),
(184, 'GS - RGCGPA- 2019 - 106', 'RIGGER DE CAMIÓN GRÚA DE PLUMA ARTICULADA', 88, '', '2019-11-23', '2020-11-23', 134, 0, 1),
(185, 'GS – OPCGPA- 2019 - 107', 'OPERADOR DE CAMIÓN GRÚA DE PLUMA ARTICULADA HIAB 12 TN', 95, '', '2019-11-16', '2020-11-16', 135, 0, 1),
(186, 'GS - OPCGPA- 2019 - 108', 'OPERADOR DE CAMIÓN GRÚA DE PLUMA ARTICULADA PM 50526 CAP. 21200 KG', 94, '', '2019-11-25', '2020-11-25', 136, 0, 1),
(187, 'GS - OPCGPA- 2019 - 109', 'OPERADOR DE CAMIÓN GRÚA DE PLUMA ARTICULADA PM 50526 CAP. 21200 KG', 93, '', '2019-11-25', '2020-11-25', 137, 0, 1),
(188, 'GS - RGCGPA- 2019 - 110', 'RIGGER DE CAMIÓN GRÚA DE PLUMA ARTICULADA', 86, '', '2019-12-01', '2020-12-01', 138, 0, 1),
(189, 'GS - SPCGPA- 2019 - 111', 'SUPERVISOR DE IZAJE DE CAMIÓN GRÚA DE PLUMA ARTICULADA', 91, '', '2019-12-02', '2020-12-02', 139, 0, 1),
(190, 'GS - RGCGPA- 2019 - 112', 'RIGGER DE CAMIÓN GRÚA DE PLUMA ARTICULADA', 85, '', '2019-12-05', '2020-12-05', 140, 0, 1),
(191, 'GS - OPGT- 2019 - 113', 'OPERADOR DE GRUA DE PLUMA TELESCOPICA TADANO GT-600EL CAP 60 TON', 94, '', '2019-12-14', '2020-12-14', 141, 0, 1),
(192, 'GS - RGGT- 2019 - 114', 'RIGGER DE GRUA DE PLUMA TELESCOPICA', 88, '', '2019-12-21', '2020-12-21', 142, 0, 1),
(193, 'GS - RGCGPA- 2019 - 115', 'RIGGER DE CAMIÓN GRÚA DE PLUMA ARTICULADA', 87, '', '2019-12-17', '2020-12-17', 143, 0, 1),
(194, 'GS - OPCGPA- 2019 - 116', 'OPERADOR DE CAMIÓN GRÚA DE PLUMA ARTICULADA HASTA 10.0 TN', 94, '', '2019-12-18', '2020-12-18', 144, 0, 1),
(195, 'GS - OPGT- 2019 - 116.', 'OPERADOR DE GRUA DE PLUMA TELESCOPICA GROVE GMK 3055 CAP. 50 TON', 91, '', '2019-12-21', '2020-12-21', 145, 0, 1),
(196, 'GS - SPGT- 2019 - 117', 'SUPERVISOR DE IZAJE DE GRUA DE PLUMA TELESCOPICA', 95, '', '2019-12-21', '2020-12-21', 146, 0, 1),
(197, 'GS - SPCGPA- 2019 - 118', 'SUPERVISOR DE IZAJE DE CAMIÓN GRÚA DE PLUMA ARTICULADA', 99, '', '2019-12-22', '2020-12-22', 147, 0, 1),
(207, 'GS-CGPA-001-2019', '', 0, '', '2019-01-15', '2020-01-15', 0, 31, 1),
(208, 'GS-CGPA-002-2019', '', 0, '', '2019-03-05', '2020-03-05', 0, 32, 1),
(209, 'GS-CGPA-003-2019', '', 0, '', '2019-03-06', '2020-03-06', 0, 33, 1),
(210, 'GS-CGPA-004-2019', '', 0, '', '2019-03-08', '2020-03-08', 0, 34, 1),
(211, 'GS-CGPA-005-2019', '', 0, '', '2019-03-12', '2020-03-12', 0, 35, 1),
(212, 'GS-CGPA-006-2019', '', 0, '', '2019-03-21', '2020-03-21', 0, 36, 1),
(213, 'GS-CGPA-007-2019', '', 0, '', '2019-04-26', '2020-04-26', 0, 42, 1),
(214, 'GS-CGPA-008-2019', '', 0, '', '2019-05-14', '2020-05-14', 0, 37, 1),
(215, 'GS-CGPA-009-2019', '', 0, '', '2019-05-21', '2020-05-21', 0, 43, 1),
(216, 'GS-CGPA-010-2019', '', 0, '', '2019-05-29', '2020-05-29', 0, 38, 1),
(217, 'GS-CGPA-010-2019.', '', 0, '', '2019-05-07', '2020-05-07', 0, 44, 1),
(218, 'GS-CGPA-011-2019', '', 0, '', '2019-06-12', '2020-06-12', 0, 45, 1),
(219, 'GS-CGPA-012-2019', '', 0, '', '2019-07-04', '2020-07-04', 0, 39, 1),
(220, 'GS-CGPA-013-2019', '', 0, '', '2019-07-05', '2020-07-05', 0, 40, 1),
(221, 'GS-CGPA-014-2019', '', 0, '', '2019-07-02', '2020-07-02', 0, 41, 1),
(222, 'GS-CGPA-015-2019', '', 0, '', '2019-07-05', '2020-07-05', 0, 46, 1),
(223, 'GS-CGPA-016-2019', '', 0, '', '2019-07-11', '2020-07-11', 0, 47, 1),
(224, 'GS-CGPA-017-2019', '', 0, '', '2019-07-19', '2020-07-19', 0, 48, 1),
(225, 'GS-CGPA-018-2019', '', 0, '', '2019-08-05', '2020-08-05', 0, 49, 1),
(226, 'GS-CGPA-019-2019', '', 0, '', '2019-09-03', '2020-09-03', 0, 50, 1),
(227, 'GS-MC-020-2019', '', 0, '', '2019-09-05', '2020-09-05', 0, 51, 1),
(230, 'GS-CGPA-021-2019', '', 0, '', '2019-09-26', '2020-09-26', 0, 52, 1),
(231, 'GS-CGPA-022-2019', '', 0, '', '2019-10-15', '2020-10-15', 0, 53, 1),
(232, 'GS-GPT-023-2019', '', 0, '', '2019-12-09', '2020-12-09', 0, 54, 1),
(233, 'GS-GPT-024-2019', '', 0, '', '2019-11-11', '2020-11-11', 0, 58, 1),
(237, 'jjj', 'hhh', 99, '', '2019-01-01', '2020-01-01', 0, 0, 1),
(239, 'GS - OPCGPA- 2019 - 011', 'ppp', 99, '', '2019-01-20', '2020-01-20', 0, 0, 1),
(240, 'GS-OPCGPA-2019-002', 'fff', 99, '', '2019-02-03', '2020-02-03', 0, 0, 1),
(241, 'qqq', 'www', 55, '', '2019-01-15', '2020-01-15', 0, 0, 1),
(243, '2222', '', 0, '', '2019-01-01', '2020-01-01', 0, 0, 1),
(247, 'ffff', 'fff', 0, '', '2019-01-01', '2020-01-01', 0, 0, 1),
(248, 'rrrrrrr', 'rr', 0, '', '2019-01-01', '2020-01-01', 0, 0, 1),
(249, 'ttt', 'tt', 0, '', '2019-01-20', '2020-01-20', 0, 0, 1),
(250, 'iiiii', 'ii', 0, '', '2019-01-30', '2020-01-30', 0, 0, 1),
(253, '1022', 'RRRRRR', 0, '', '2019-01-01', '2020-01-01', 0, 0, 1),
(255, '1025', 'FFF', 0, '', '2019-01-01', '2020-01-01', 0, 0, 1),
(256, '1026', 'hhh', 0, '', '2019-01-01', '2020-01-01', 0, 0, 1),
(257, '1027', 'GGGG', 0, '', '2019-01-01', '2020-01-01', 0, 0, 1),
(258, '1028', 'kkkk', 0, '', '2019-01-01', '2020-01-01', 0, 0, 1),
(259, '1029', 'ppp', 0, '', '2019-01-01', '2020-01-01', 0, 0, 1),
(260, '1030', 'kkk', 0, '', '2019-01-01', '2020-01-01', 0, 0, 1),
(267, '12', '', 0, '', '2019-01-01', '2020-01-01', 0, 0, 1);

-- --------------------------------------------------------

--
-- Estructura de tabla para la tabla `equipos`
--

CREATE TABLE `equipos` (
  `Equipo_Id` int(11) NOT NULL,
  `sEquCodigo` varchar(10) DEFAULT NULL,
  `sEquPlaca` varchar(10) DEFAULT NULL,
  `sEquTipoEquipo` text,
  `sEquMarcaModelo` text,
  `sEquNroSerie` varchar(20) DEFAULT NULL,
  `sEquCapacidad` varchar(10) DEFAULT NULL,
  `sEquEmpresaTitular` varchar(100) DEFAULT NULL,
  `sEquContrasena` varchar(50) DEFAULT NULL,
  `TipoUsuario_Id` int(11) DEFAULT NULL,
  `nEquEstado` int(11) DEFAULT NULL,
  `sEquRutaImagen` text,
  `sEquObservaciones` text
) ENGINE=InnoDB DEFAULT CHARSET=latin1;

--
-- Volcado de datos para la tabla `equipos`
--

INSERT INTO `equipos` (`Equipo_Id`, `sEquCodigo`, `sEquPlaca`, `sEquTipoEquipo`, `sEquMarcaModelo`, `sEquNroSerie`, `sEquCapacidad`, `sEquEmpresaTitular`, `sEquContrasena`, `TipoUsuario_Id`, `nEquEstado`, `sEquRutaImagen`, `sEquObservaciones`) VALUES
(31, '001', 'ARQ-768', 'CAMIÓN GRÚA DE PLUMA ARTICULADA', 'PM 50526', 'G13900311709', '21200 Kg', 'GRUAS Y TRANSPORTES EL ROCIO S.R.L', 'd41d8cd98f00b204e9800998ecf8427e', 3, 1, '', 'GGGG3'),
(32, '002', 'C2H-793', 'CAMIÓN GRÚA DE PLUMA ARTICULADA', 'PALFINGER PK 32080', '------------', '6700 Kg', 'MEEK ELECTROMECANICOS EIRL', 'd41d8cd98f00b204e9800998ecf8427e', 3, 1, NULL, NULL),
(33, '003', 'B5A-807', 'CAMIÓN GRÚA DE PLUMA ARTICULADA', 'PM 45028', 'GA510250', '16000 Kg', 'GARCIA EIRL', 'd41d8cd98f00b204e9800998ecf8427e', 3, 1, NULL, NULL),
(34, '004', 'C9P-770', 'CAMIÓN GRÚA DE PLUMA ARTICULADA', 'HIAB 330-5', '330-272', '12000 Kg', 'GRÚAS Y SERVICIOS BECERRA EIRL', 'd41d8cd98f00b204e9800998ecf8427e', 3, 1, NULL, NULL),
(35, '005', 'AJH-743', 'CAMIÓN GRÚA DE PLUMA ARTICULADA', 'HIAB XS 422 -8', '4220994', '12000 Kg', 'GRÚAS Y SERVICIOS BECERRA EIRL', 'd41d8cd98f00b204e9800998ecf8427e', 3, 1, NULL, NULL),
(36, '006', 'D9R-713', 'CAMIÓN GRÚA DE PLUMA ARTICULADA', 'FASSI F455A 226 E-DYNAMIC', '4501-0033', '16000 Kg', 'GARCIA EIRL', 'd41d8cd98f00b204e9800998ecf8427e', 3, 1, NULL, NULL),
(37, '007', 'M3M-756', 'CAMIÓN GRÚA DE PLUMA ARTICULADA', 'PALFINGER PK 32080', '813136', '6700 Kg', 'TRANSPORTES Y GRUAS PATRON SAN MARCOS EIRL', 'd41d8cd98f00b204e9800998ecf8427e', 3, 1, NULL, NULL),
(38, '008', 'A1D-819', 'CAMIÓN GRÚA DE PLUMA ARTICULADA', 'HIAB 200 C-2', '2000055', '7000 Kg', 'INVERSIONES GENERALES', 'd41d8cd98f00b204e9800998ecf8427e', 3, 1, NULL, NULL),
(39, '009', 'AWP-867', 'CAMIÓN GRÚA DE PLUMA ARTICULADA', 'HIAB 377EP-5 CLX', '3771189', '10000 Kg', 'CONSORCIO A&A SRL', 'd41d8cd98f00b204e9800998ecf8427e', 3, 1, NULL, NULL),
(40, '010', 'D9Q-743', 'CAMIÓN GRÚA DE PLUMA ARTICULADA', 'FASSI F335A225', '3303-0042', '13050 Kg', 'GARCIA EIRL', 'd41d8cd98f00b204e9800998ecf8427e', 3, 1, NULL, NULL),
(41, '011', 'M5X-746', 'CAMIÓN GRÚA DE PLUMA ARTICULADA', 'EFFER 305 5S', '100024851', '9240 Kg', 'LUISITO ABANTO SAC', 'd41d8cd98f00b204e9800998ecf8427e', 3, 1, NULL, NULL),
(42, '012', 'D4X-703', 'CAMIÓN GRÚA DE PLUMA ARTICULADA', 'HIAB  211 E -5 HIDUO', '21101979', '6900 Kg', 'MEEK ELECTROMECANICOS EIRL', 'd41d8cd98f00b204e9800998ecf8427e', 3, 1, NULL, NULL),
(43, '013', 'M2A - 897', 'CAMIÓN GRÚA DE PLUMA ARTICULADA', 'PM 36.7 SP', 'GA-420005', '14,000 Kg', 'ESG ALEJANDRITA EIRL', 'd41d8cd98f00b204e9800998ecf8427e', 3, 1, NULL, NULL),
(44, '014', '13500 – E3', 'CAMIÓN GRÚA DE PLUMA ARTICULADA', 'CORMACH', '---------', '5,000 Kg', 'ESG ALEJANDRITA EIRL', 'd41d8cd98f00b204e9800998ecf8427e', 3, 1, NULL, NULL),
(45, '015', 'F0N-830', 'CAMIÓN GRÚA DE PLUMA ARTICULADA', 'HIAB 400 E-4', '--------', '15200 Kg', 'TRANSPORTES Y GRÚAS PATRÓN SAN MARCOS EIRL', 'd41d8cd98f00b204e9800998ecf8427e', 3, 1, NULL, NULL),
(46, '016', 'AHC-898', 'CAMIÓN GRÚA DE PLUMA ARTICULADA', 'HIAB 300 - 5', '300.644', '12000 Kg', 'TRANSPORTES Y GRÚAS PATRÓN SAN MARCOS EIRL', 'd41d8cd98f00b204e9800998ecf8427e', 3, 1, NULL, NULL),
(47, '017', 'C1K-721', 'CAMIÓN GRÚA DE PLUMA ARTICULADA', 'FASSI F455RA228', '4501-0111', '16000 Kg', 'GARCIA EIRL', 'd41d8cd98f00b204e9800998ecf8427e', 3, 1, NULL, NULL),
(48, '018', 'AKA-868', 'CAMIÓN GRÚA DE PLUMA ARTICULADA', 'FASSI F560RA 2.28', '56020070', '23000 Kg', 'GARCIA EIRL', 'd41d8cd98f00b204e9800998ecf8427e', 3, 1, NULL, NULL),
(49, '019', 'M5L-947', 'CAMIÓN GRÚA DE PLUMA ARTICULADA', 'PALFINGER PK33002-EH', '100174896', '9800 Kg', 'FAISER INGENIEROS SAC', 'd41d8cd98f00b204e9800998ecf8427e', 3, 1, NULL, NULL),
(50, '020', 'AKS-914', 'CAMIÓN GRÚA DE PLUMA ARTICULADA', 'HIAB 477E – 6 HIPRO', '4770937', '12000 Kg', 'CONSORCIO A&A SRL', 'd41d8cd98f00b204e9800998ecf8427e', 3, 1, NULL, NULL),
(51, '021', '--------', 'MONTACARGA', 'CATERPILLAR GP25NM-GLP', 'AT17DT1297', '2050 Kg', 'DIVINO SALVADOR S.A', 'd41d8cd98f00b204e9800998ecf8427e', 3, 1, NULL, NULL),
(52, '022', 'AYB-880', 'CAMIÓN GRÚA DE PLUMA ARTICULADA', 'FASSI F95A.023', '0908-0452', '4200 Kg', 'INVERSIONES DIACAR EIRL', 'd41d8cd98f00b204e9800998ecf8427e', 3, 1, NULL, NULL),
(53, '023', 'D9M-817', 'CAMIÓN GRÚA DE PLUMA ARTICULADA', 'HIAB 477EP-5 CLX', '4770705', '12000 Kg', 'CUSAN INGENIEROS SAC', 'd41d8cd98f00b204e9800998ecf8427e', 3, 1, NULL, NULL),
(54, '024', '----------', 'GRÚA TELESCÓPICA', 'TADANO GT-600EL', 'JTX4256C6K0438330', '60000/4500', 'GARCIA EIRL', 'd41d8cd98f00b204e9800998ecf8427e', 3, 1, NULL, NULL),
(58, '025', 'M5W-738', 'CAMIÓN GRÚA DE PLUMA ARTICULADA', 'HIAB 477 E-B', '4770992', '16000 Kg', 'MULTISERVICIOS COLLAR DE CERROS', 'd41d8cd98f00b204e9800998ecf8427e', 3, 1, NULL, NULL),
(65, '22', '22', '22', '22', '22', '22', '22', 'd41d8cd98f00b204e9800998ecf8427e', 3, 1, NULL, '222'),
(66, '333', '333', '33', '33', '33', '33', '33', 'e10adc3949ba59abbe56e057f20f883e', 3, 1, NULL, '33'),
(69, '11', '111', '111', '111', '111', '111', '111', 'e10adc3949ba59abbe56e057f20f883e', 3, 1, '', '111'),
(70, '123', '123', 'ww', 'ww', '222', 'ww', 'ww', 'e10adc3949ba59abbe56e057f20f883e', 3, 1, NULL, 'ww'),
(71, '1234', 'md2041', '44', '44', '111', '44', '44', 'e10adc3949ba59abbe56e057f20f883e', 3, 1, '', '44');

-- --------------------------------------------------------

--
-- Estructura de tabla para la tabla `tipousuario`
--

CREATE TABLE `tipousuario` (
  `TipoUsuario_id` int(11) NOT NULL,
  `sTUsnombre` varchar(150) DEFAULT NULL,
  `nTUsestado` int(11) DEFAULT NULL
) ENGINE=InnoDB DEFAULT CHARSET=latin1;

--
-- Volcado de datos para la tabla `tipousuario`
--

INSERT INTO `tipousuario` (`TipoUsuario_id`, `sTUsnombre`, `nTUsestado`) VALUES
(1, 'Administrador', 1),
(2, 'Alumno', 1),
(3, 'Equipo', 1);

-- --------------------------------------------------------

--
-- Estructura de tabla para la tabla `usuario`
--

CREATE TABLE `usuario` (
  `Usuario_Id` int(11) NOT NULL,
  `sUsuCodigo` varchar(10) DEFAULT NULL,
  `sUsuLogin` varchar(100) DEFAULT NULL,
  `sUsuDni` text,
  `sUsuEmail` text,
  `sUsuCelular` int(11) DEFAULT NULL,
  `sUsuEmpresaTitular` varchar(200) DEFAULT NULL,
  `sUsuContrasena` varchar(150) DEFAULT NULL,
  `TipoUsuario_Id` int(11) DEFAULT NULL,
  `nUsuEstado` int(11) DEFAULT NULL,
  `sUsuRutaImagen` text
) ENGINE=InnoDB DEFAULT CHARSET=latin1;

--
-- Volcado de datos para la tabla `usuario`
--

INSERT INTO `usuario` (`Usuario_Id`, `sUsuCodigo`, `sUsuLogin`, `sUsuDni`, `sUsuEmail`, `sUsuCelular`, `sUsuEmpresaTitular`, `sUsuContrasena`, `TipoUsuario_Id`, `nUsuEstado`, `sUsuRutaImagen`) VALUES
(1, NULL, 'Administrador', NULL, 'admin@global.com', 991180224, NULL, '53fe449f874338304d652dbb1cec217b', 1, NULL, NULL),
(27, '001', 'SIXTO ADRIAN NEYRA ASTORAYME', '08695518', '', 0, 'SIXTO ADRIAN NEYRA ASTORAYME', 'd41d8cd98f00b204e9800998ecf8427e', 3, 1, ''),
(28, '002', 'JOSE FLAVIO, ROMERO TARRILLO', '45937206', '', 0, 'GRUAS Y TRANSPORTES EL ROCIO SRL.', 'd41d8cd98f00b204e9800998ecf8427e', 3, 1, NULL),
(29, '003', 'WILDER, BANDA AGUILAR', '47998104', '', 0, 'TRANSPORTES Y GRÚAS PATRÓN SAN MARCOS EIRL', 'd41d8cd98f00b204e9800998ecf8427e', 3, 1, NULL),
(30, '004', 'ANDRES, TANTALEAN CARRASCO', '41406036', '', 0, 'MUR – WY SAC', 'd41d8cd98f00b204e9800998ecf8427e', 3, 1, NULL),
(31, '005', 'ELMER MILTON, JORDAN GONZALES', '46146736', '', 0, 'LOS TRES RIOS', 'd41d8cd98f00b204e9800998ecf8427e', 3, 1, NULL),
(32, '006', 'MILTON NOE, REVILLA MONCADA', '18181016', '', 0, 'CCA PERU SAC', 'd41d8cd98f00b204e9800998ecf8427e', 3, 1, NULL),
(33, '007', 'JAIME ENRIQUE, COLINA ROJAS', '40150771', '', 0, 'CCA PERU SAC', 'd41d8cd98f00b204e9800998ecf8427e', 3, 1, NULL),
(34, '008', 'ALARCON CARLOS ALAMIRO, BARDALES', '70902422', '', 0, 'CCA PERU SAC', 'd41d8cd98f00b204e9800998ecf8427e', 3, 1, NULL),
(35, '009', 'CARLOS ALBERTO, CAMPOS COMETTANT', '26719183', '', 0, 'CCA PERU SAC', 'd41d8cd98f00b204e9800998ecf8427e', 3, 1, NULL),
(36, '010', 'JUAN CARLOS, SEMINARIO CADENILLAS', '26719183', '', 0, 'CCA PERU SAC', 'd41d8cd98f00b204e9800998ecf8427e', 3, 1, NULL),
(37, '011', 'JOSE SANTOS, VASQUEZ ESPINOZA', '45251365', '', 0, 'INVERSIONES DIACAR EIRL', 'd41d8cd98f00b204e9800998ecf8427e', 3, 1, NULL),
(38, '012', 'ROSAS, CHAVEZ GASTOLOMENDO', '42129429', '', 0, 'GRUAS Y TRANSPORTES EL ROCIO SRL', 'd41d8cd98f00b204e9800998ecf8427e', 3, 1, NULL),
(39, '013', 'ADAN, RUPACHO LIMAY', '71283624', '', 0, 'LOS TRES RIOS', 'd41d8cd98f00b204e9800998ecf8427e', 3, 1, NULL),
(40, '014', 'IDELSO, HOYOS TIRADO', '40290031', '', 0, 'INVERSIONES DIACAR EIRL.', 'd41d8cd98f00b204e9800998ecf8427e', 3, 1, NULL),
(41, '015', 'AMERICO, RAMOS MENDOZA', '43376367', '', 0, 'CONSORCIO A&A SRL', 'd41d8cd98f00b204e9800998ecf8427e', 3, 1, NULL),
(42, '016', 'SEGUNDO PORFIRIO, MUÑOZ NARRO', '42611174', '', 0, 'CONSORCIO A&A SRL', 'd41d8cd98f00b204e9800998ecf8427e', 3, 1, NULL),
(43, '017', 'HELI, ZELADA MENA', '41263369', '', 0, 'CONSORCIO A&A SRL', 'd41d8cd98f00b204e9800998ecf8427e', 3, 1, NULL),
(44, '018', 'EDWIN JOEL, CABRERAS TERRONES', '45909004', '', 0, 'CONSORCIO A&A SRL', 'd41d8cd98f00b204e9800998ecf8427e', 3, 1, NULL),
(45, '019', 'CESAR ALEJANDRO, GUEVARA VASQUEZ', '44185781', '', 0, 'CONSORCIO A&A SRL', 'd41d8cd98f00b204e9800998ecf8427e', 3, 1, NULL),
(46, '020', 'MAYCOL JACK, MENDOZA ACUÑA', '48261051', '', 0, 'CONSORCIO A&A SRL', 'd41d8cd98f00b204e9800998ecf8427e', 3, 1, NULL),
(47, '021', 'PEDRO, HUARIPATA ATALAYA', '46645827', '', 0, 'CAMPAVAN SAC', 'd41d8cd98f00b204e9800998ecf8427e', 3, 1, NULL),
(48, '022', 'WILDER AURELIO, SAAVEDRA QUIÑONES', '17595318', '', 0, 'WILDER AURELIO, SAAVEDRA QUIÑONES', 'd41d8cd98f00b204e9800998ecf8427e', 3, 1, NULL),
(49, '023', 'CRISTIAN OMAR, CHAVEZ RONCAL', '42286331', '', 0, 'CEYCA SERVICIOS GENERALES Y CONSTRUCCION SAC', 'd41d8cd98f00b204e9800998ecf8427e', 3, 1, NULL),
(50, '024', 'ANDRES, QUISPE ROMANI', '20001253', '', 0, 'CCA PERU SAC', 'd41d8cd98f00b204e9800998ecf8427e', 3, 1, NULL),
(51, '025', 'ANTHONY, GRACIANO OCAS', '80155573', '', 0, 'CEYCA SERVICIOS GENERALES Y CONSTRUCCION SAC', 'd41d8cd98f00b204e9800998ecf8427e', 3, 1, NULL),
(52, '026', 'FLAVIO, AGUIRRE CASTILLO', '09192663', '', 0, 'IFLUTECH SAC', 'd41d8cd98f00b204e9800998ecf8427e', 3, 1, NULL),
(53, '027', 'ERICK ANTHONY, MAYTA PACHECO', '42293346', '', 0, 'CEYCA SERVICIOS GENERALES Y CONSTRUCCION SAC', 'd41d8cd98f00b204e9800998ecf8427e', 3, 1, NULL),
(54, '028', 'WILSON VICTOR, QUISPE RAMOS', '44749275', '', 0, 'FAISER INGENIEROS SAC', 'd41d8cd98f00b204e9800998ecf8427e', 3, 1, NULL),
(55, '029', 'MANUEL, CHUQUIRUNA PEREGRINO', '42404332', '', 0, 'MANUEL, CHUQUIRUNA PEREGRINO', 'd41d8cd98f00b204e9800998ecf8427e', 3, 1, NULL),
(56, '030', 'UBAN, ILMAN CARRION', '43083332', '', 0, 'UBAN, ILMAN CARRION', 'd41d8cd98f00b204e9800998ecf8427e', 3, 1, NULL),
(57, '031', 'ROBERTO JOSE, RODRIGUEZ GUTIERREZ', '13208513', '', 0, 'GRUAS Y TRANSPORTE EL ROCIO SRL', 'd41d8cd98f00b204e9800998ecf8427e', 3, 1, NULL),
(58, '032', 'ELMER ROBERTO, SANCHEZ FLORES', '41255039', '', 0, 'TRANSPORTES Y GRÚAS PATRÓN SAN MARCOS EIRL', 'd41d8cd98f00b204e9800998ecf8427e', 3, 1, NULL),
(59, '033', 'RONALD JAVIER, CHACON ATALAYA', '71593952', '', 0, 'ESG ALEJANDRITA EIRL', 'd41d8cd98f00b204e9800998ecf8427e', 3, 1, NULL),
(60, '034', 'GUILLERMO, CHACON ATALAYA', '46140213', '', 0, 'ESG ALEJANDRITA EIRL', 'd41d8cd98f00b204e9800998ecf8427e', 3, 1, NULL),
(61, '035', 'EDICSON, ESPINOZA CRISANTO', '41884462', '', 0, 'ESG ALEJANDRITA EIRL', 'd41d8cd98f00b204e9800998ecf8427e', 3, 1, NULL),
(62, '036', 'CESAR, QUISPE MENDOZA', '02440352', '', 0, 'ESG ALEJANDRITA EIRL', 'd41d8cd98f00b204e9800998ecf8427e', 3, 1, NULL),
(63, '037', 'BRAULIO, SONCO TURPO', '48693030', '', 0, 'GROUP AUTOGRUAS SRL', 'd41d8cd98f00b204e9800998ecf8427e', 3, 1, NULL),
(64, '038', 'EDGARDO, ESTRADA SILVA', '26694093', '', 0, 'CCA PERÚ SAC', 'd41d8cd98f00b204e9800998ecf8427e', 3, 1, NULL),
(65, '039', 'ROMER JHONY, LUCANO LLANOS', '45199651', '', 0, 'FAISER INGENIEROS SAC', 'd41d8cd98f00b204e9800998ecf8427e', 3, 1, NULL),
(66, '040', 'SANTOS INULFO, LOPEZ GUEVARA', '41538527', '', 0, 'CCA PERÚ SAC', 'd41d8cd98f00b204e9800998ecf8427e', 3, 1, NULL),
(67, '041', 'OSIAS, CHAVEZ ALCANTARA', '43011336', '', 0, 'FAISER INGENIEROS SAC', 'd41d8cd98f00b204e9800998ecf8427e', 3, 1, NULL),
(68, '042', 'CARLOS ARTURO, CRISPIN PORTALATINO', '18226342', '', 0, 'CARLOS ARTURO, CRISPIN PORTALATINO', 'd41d8cd98f00b204e9800998ecf8427e', 3, 1, NULL),
(69, '043', 'RENAN SILIS, CERNA ALVARADO', '42581906', '', 0, 'CCA PERU SAC', 'd41d8cd98f00b204e9800998ecf8427e', 3, 1, NULL),
(70, '044', 'JOSE LUIS, VASQUEZ GAMONAL', '41587788', '', 0, 'JOSE LUIS, VASQUEZ GAMONAL', 'd41d8cd98f00b204e9800998ecf8427e', 3, 1, NULL),
(71, '045', 'ANGEL ESTIWAR, CONDORI QUISPE', '70890940', '', 0, 'GROUP AUTOGRUAS SRL', 'd41d8cd98f00b204e9800998ecf8427e', 3, 1, NULL),
(72, '046', 'RAFAEL ALBERTO, CANCHO TOVAR', '20669234', '', 0, 'FAISER INGENIEROS SAC', 'd41d8cd98f00b204e9800998ecf8427e', 3, 1, NULL),
(73, '047', 'HERMES, VILLANUEVA CHALAN', '75838261', '', 0, 'FAISER INGENIEROS SAC', 'd41d8cd98f00b204e9800998ecf8427e', 3, 1, NULL),
(74, '048', 'ENRIQUE, MANTILLA ALCANTARA', '44639126', '', 0, 'FAISER INGENIEROS SAC', 'd41d8cd98f00b204e9800998ecf8427e', 3, 1, NULL),
(75, '049', 'DAIMNER JHON, VASQUEZ CERDAN', '47595129', '', 0, 'FAISER INGENIEROS SAC', 'd41d8cd98f00b204e9800998ecf8427e', 3, 1, NULL),
(76, '050', 'TEOFILO ADRIANO, CAROHUAJULCA SAENZ', '26641421', '', 0, 'FAISER INGENIEROS SAC', 'd41d8cd98f00b204e9800998ecf8427e', 3, 1, NULL),
(77, '051', 'WILI, CHAVEZ JARA', '44737145', '', 0, 'FAISER INGENIEROS SAC', 'd41d8cd98f00b204e9800998ecf8427e', 3, 1, NULL),
(78, '052', 'SEGUNDO TEODORO, RODRIGUEZ SALAZAR', '26706385', '', 0, 'FAISER INGENIEROS SAC', 'd41d8cd98f00b204e9800998ecf8427e', 3, 1, NULL),
(79, '053', 'GERMAN EDILBERTO, SUAREZ BECERRA', '44209955', '', 0, 'FAISER INGENIEROS SAC', 'd41d8cd98f00b204e9800998ecf8427e', 3, 1, NULL),
(80, '054', 'ELMER MANUEL, RAFAEL MINCHAN', '43941890', '', 0, 'FAISER INGENIEROS SAC', 'd41d8cd98f00b204e9800998ecf8427e', 3, 1, NULL),
(81, '055', 'WILDER, CALUA CUEVA', '41447801', '', 0, 'CONSORCIO A&A SRL', 'd41d8cd98f00b204e9800998ecf8427e', 3, 1, NULL),
(82, '056', 'PEDRO, HUARIPATA AGUILAR', '40645827', '', 0, 'CONSORCIO A&A SRL', 'd41d8cd98f00b204e9800998ecf8427e', 3, 1, NULL),
(83, '057', 'JESUS WILMER, PIEDRA RENTERIA', '40275691', '', 0, 'GRUAS Y TRANSPORTE EL ROCIO SRL', 'd41d8cd98f00b204e9800998ecf8427e', 3, 1, NULL),
(84, '058', 'ALEX, VIGO CAMACHO', '48493581', '', 0, 'LUISITO ABANTO SAC', 'd41d8cd98f00b204e9800998ecf8427e', 3, 1, NULL),
(85, '059', 'MODESTO IGINIO, VIGO CAMACHO', '42373348', '', 0, 'LUISITO ABANTO SAC', 'd41d8cd98f00b204e9800998ecf8427e', 3, 1, NULL),
(86, '060', 'SALATIEL, RAICO RODRIGUEZ', '45930813', '', 0, 'LUISITO ABANTO SAC', 'd41d8cd98f00b204e9800998ecf8427e', 3, 1, NULL),
(87, '061', 'CESAR ISMAEL, FERNANDEZ VARELA', '44651953', '', 0, 'LUISITO ABANTO SAC', 'd41d8cd98f00b204e9800998ecf8427e', 3, 1, NULL),
(88, '062', 'MANUEL, CHILON CHILON', '41125093', '', 0, 'MANUEL, CHILON CHILON', 'd41d8cd98f00b204e9800998ecf8427e', 3, 1, NULL),
(89, '063', 'JULIO CESAR, BUENDIA TAFUR', '41593663', '', 0, 'GARCIA EIRL', 'd41d8cd98f00b204e9800998ecf8427e', 3, 1, NULL),
(90, '064', 'JOSÉ DANIEL, ZAMBRANO ZAMBRANO', '44247629', '', 0, 'JOSÉ DANIEL, ZAMBRANO ZAMBRANO', 'd41d8cd98f00b204e9800998ecf8427e', 3, 1, NULL),
(91, '065', 'MARLON ALBERTO, QUISPE GARCIA', '40794708', '', 0, 'GARCIA EIRL', 'd41d8cd98f00b204e9800998ecf8427e', 3, 1, NULL),
(92, '066', 'RONALD, RAICO RODRIGUEZ', '26732547', '', 0, 'CONSORCIO A&A SRL', 'd41d8cd98f00b204e9800998ecf8427e', 3, 1, NULL),
(93, '067', 'CARLOS ALBERTO, ZAPATA TORRES', '41821053', '', 0, 'GARCIA EIRL', 'd41d8cd98f00b204e9800998ecf8427e', 3, 1, NULL),
(94, '068', 'CRISTIAN JHONATAN, MORALES AYAY', '45949463', '', 0, 'CONSORCIO A&A SRL', 'd41d8cd98f00b204e9800998ecf8427e', 3, 1, NULL),
(95, '069', 'ASENCIO JAIME, LLANOS GUEVARA', '27573383', '', 0, 'CONSORCIO A&A SRL', 'd41d8cd98f00b204e9800998ecf8427e', 3, 1, NULL),
(96, '070', 'MARINO MEREGILDO, TRIGOSO MEDINA', '26722777', '', 0, 'CONSORCIO A&A SRL', 'd41d8cd98f00b204e9800998ecf8427e', 3, 1, NULL),
(97, '071', 'EDILBERTO ZACARIAS, CHAVEZ ALMONTE', '41182381', '', 0, 'FAISER INGENIEROS SAC', 'd41d8cd98f00b204e9800998ecf8427e', 3, 1, NULL),
(98, '072', 'LINO, QUISPE RAMOS', '80301966', '', 0, 'GROUP AUTOGRUAS SRL', 'd41d8cd98f00b204e9800998ecf8427e', 3, 1, NULL),
(99, '073', 'RAMIRO, CHAVEZ VALDIVIA', '26728340', '', 0, 'RAMIRO, CHAVEZ VALDIVIA', 'd41d8cd98f00b204e9800998ecf8427e', 3, 1, NULL),
(100, '074', 'WILBERT DAVID, PEREZ SAUCEDO', '42475571', '', 0, 'WILBERT DAVID, PEREZ SAUCEDO', 'd41d8cd98f00b204e9800998ecf8427e', 3, 1, NULL),
(101, '075', 'ROEL GLEM, GALLARDO GALVEZ', '70127297', '', 0, 'FAISER INGENIEROS SAC', 'd41d8cd98f00b204e9800998ecf8427e', 3, 1, NULL),
(102, '076', 'ROBERT IVAN, GALLARDO GALVEZ', '43983874', '', 0, 'FAISER INGENIEROS SAC', 'd41d8cd98f00b204e9800998ecf8427e', 3, 1, NULL),
(103, '077', 'JESUS, CHUQUIRUNA LAVADO', '44507048', '', 0, 'FAISER INGENIEROS SAC', 'd41d8cd98f00b204e9800998ecf8427e', 3, 1, NULL),
(104, '078', 'JAVIER FERNANDO, GALVEZ GOICOCHEA', '27572590', '', 0, 'INVERSIONES DIACAR EIRL', 'd41d8cd98f00b204e9800998ecf8427e', 3, 1, NULL),
(105, '079', 'PERCCY TAYLORD, MENDOZA MONTENEGRO', '27572590', '', 0, 'FAISER INGENIEROS SAC', 'd41d8cd98f00b204e9800998ecf8427e', 3, 1, NULL),
(106, '080', 'PERCY BARUCH, DIAZ MALAPY', '72210920', '', 0, 'CCA PERU SAC', 'd41d8cd98f00b204e9800998ecf8427e', 3, 1, NULL),
(107, '081', 'JOSE EINSTEIN, BOCANEGRA DIAZ', '43652832', '', 0, 'CCA PERU SAC', 'd41d8cd98f00b204e9800998ecf8427e', 3, 1, NULL),
(108, '082', 'ADRIAN EUGENIO, CASTILLO ROMERO', '32226268', '', 0, 'EXPLOMIN DEL PERU SA', 'd41d8cd98f00b204e9800998ecf8427e', 3, 1, NULL),
(109, '083', 'JONATAN, SANTAMARIA ZELAYA', '42262423', '', 0, 'EXPLOMIN DEL PERU SA', 'd41d8cd98f00b204e9800998ecf8427e', 3, 1, NULL),
(110, '084', 'JAIME, VILLALOBOS PEREZ', '46238942', '', 0, 'EXPLOMIN DEL PERU SA', 'd41d8cd98f00b204e9800998ecf8427e', 3, 1, NULL),
(111, '085', 'JIMMY EDWARD, ROJAS GUERRA', '41008612', '', 0, 'EXPLOMIN DEL PERU SA', 'd41d8cd98f00b204e9800998ecf8427e', 3, 1, NULL),
(112, '086', 'EDGAR EDUARDO, SERRANO BERMUDEZ', '70033800', '', 0, 'EXPLOMIN DEL PERU SA', 'd41d8cd98f00b204e9800998ecf8427e', 3, 1, NULL),
(113, '087', 'PEDRO JULIO, SANCHEZ MENDOZA', '18018209', '', 0, 'EXPLOMIN DEL PERU SA', 'd41d8cd98f00b204e9800998ecf8427e', 3, 1, NULL),
(114, '088', 'SANDRO MARTIR, TORRES MONTALVAN', '16798701', '', 0, 'EXPLOMIN DEL PERU SA', 'd41d8cd98f00b204e9800998ecf8427e', 3, 1, NULL),
(115, '089', 'CESAR, VALDIVIA GOICOCHEA', '19326260', '', 0, 'EXPLOMIN DEL PERU SA', 'd41d8cd98f00b204e9800998ecf8427e', 3, 1, NULL),
(116, '090', 'SEGUNDO RAUL, TINGAL LIMAY', '40584988', '', 0, 'EXPLOMIN DEL PERU SA', 'd41d8cd98f00b204e9800998ecf8427e', 3, 1, NULL),
(117, '091', 'JULIO CESAR, DIAZ ALVA', '27577126', '', 0, 'INVERSIONES DIACAR EIRL', 'd41d8cd98f00b204e9800998ecf8427e', 3, 1, NULL),
(118, '092', 'RICHARD, BALCAZAR MENDOZA', '16725706', '', 0, 'GRUAS GARCIA EIRL', 'd41d8cd98f00b204e9800998ecf8427e', 3, 1, NULL),
(119, '093', 'SEGUNDO SEBASTIAN, HUAMAN CORONADO', '26708307', '', 0, 'GRUAS GARCIA EIRL', 'd41d8cd98f00b204e9800998ecf8427e', 3, 1, NULL),
(120, '094', 'BELMER SANTIAGO, RUIZ RUIZ', '42175432', '', 0, 'CONSORCIO COMBAYO LA QUINUA SAC', 'd41d8cd98f00b204e9800998ecf8427e', 3, 1, NULL),
(121, '095', 'JAVIER AGUSTIN, PAREDES CORTEZ', '26722425', '', 0, 'EXPLOMIN DEL PERU SA', 'd41d8cd98f00b204e9800998ecf8427e', 3, 1, NULL),
(122, '096', 'JUAN ALEX, ALVITES MARIN', '80177270', '', 0, 'EXPLOMIN DEL PERU SA', 'd41d8cd98f00b204e9800998ecf8427e', 3, 1, NULL),
(123, '097', 'JORGE ARTURO, ZANABRIA REVILLA', '29628229', '', 0, 'EXPLOMIN DEL PERU SA', 'd41d8cd98f00b204e9800998ecf8427e', 3, 1, NULL),
(124, '098', 'YUVITZA, CURAY DIOSES', '42189785', '', 0, 'EXPLOMIN DEL PERU SA', 'd41d8cd98f00b204e9800998ecf8427e', 3, 1, NULL),
(125, '099', 'WILLIAM OMAR, MEZA ZAMALLOA', '40025838', '', 0, 'EXPLOMIN DEL PERU SA', 'd41d8cd98f00b204e9800998ecf8427e', 3, 1, NULL),
(126, '100', 'DAVID STERLING, CONDORI UCHIRI', '42666853', '', 0, 'EXPLOMIN DEL PERU SA', 'd41d8cd98f00b204e9800998ecf8427e', 3, 1, NULL),
(127, '101', 'JAVIER ULISES, TORRES MEDINA', '44397677', '', 0, 'CONSORCIO A&A SRL.', 'd41d8cd98f00b204e9800998ecf8427e', 3, 1, NULL),
(128, '102', 'CARLOS MIGUEL, ZELADA CABRERA', '18854183', '', 0, 'CCA PERU SAC', 'd41d8cd98f00b204e9800998ecf8427e', 3, 1, NULL),
(129, '103', 'CESAR EDUARDO, RABANAL SAUCEDO', '43030573', '', 0, 'CONSORCIO A&A SRL.', 'd41d8cd98f00b204e9800998ecf8427e', 3, 1, NULL),
(130, '104', 'GILMER, CERDAN CARRERA', '45417284', '', 0, 'SAN MARTIN CONTRATISTAS GENERALES SA', 'd41d8cd98f00b204e9800998ecf8427e', 3, 1, NULL),
(131, '105', 'JOSE DANIEL, MONSEFU AMAYA', '73597172', '', 0, 'CONSORCIO A&A SRL', 'd41d8cd98f00b204e9800998ecf8427e', 3, 1, NULL),
(132, '106', 'JOSE LUIS, ALFARO DELGADO', '41144710', '', 0, 'CCA PERU SAC', 'd41d8cd98f00b204e9800998ecf8427e', 3, 1, NULL),
(133, '107', 'BRAYAN ANDREE, ALVAREZ ALVAREZ', '73769472', '', 0, 'CCA PERU SAC', 'd41d8cd98f00b204e9800998ecf8427e', 3, 1, NULL),
(134, '109', 'JOSE, FLORES CUEVA', '40103255', '', 0, 'GRUAS GARCIA EIRL', 'd41d8cd98f00b204e9800998ecf8427e', 3, 1, NULL),
(135, '110', 'SAMUEL ARELI, CHAVARRIA INFANTE', '70017401', '', 0, 'TRANSPORTES Y GRÚAS PATRÓN SAN MARCOS EIRL', 'd41d8cd98f00b204e9800998ecf8427e', 3, 1, NULL),
(136, '111', 'WALTER OSWALDO, MOGOLLON JUAREZ', '8695120', '', 0, 'GRUAS Y TRANSPORTES EL ROCIO SRL', 'd41d8cd98f00b204e9800998ecf8427e', 3, 1, NULL),
(137, '112', 'LIZARDO ROGELIO, ANAYA GUEVARA', '26707592', '', 0, 'GRUAS Y TRANSPORTES EL ROCIO SRL.', 'd41d8cd98f00b204e9800998ecf8427e', 3, 1, NULL),
(138, '113', 'JOSE FREDDY, SANDOVAL MIMBELA', '40553890', '', 0, 'GRUAS Y TRANSPORTES EL ROCIO SRL.', 'd41d8cd98f00b204e9800998ecf8427e', 3, 1, NULL),
(139, '114', 'HERNAN ENRIQUE, CUEVA MENDOZA', '72691795', '', 0, 'CONSORCIO A&A SRL', 'd41d8cd98f00b204e9800998ecf8427e', 3, 1, NULL),
(140, '115', 'SEGUNDO HEDILBRANDO, HERNANDEZ ROMERO', '42499689', '', 0, 'FAISER INGENIEROS SAC', 'd41d8cd98f00b204e9800998ecf8427e', 3, 1, NULL),
(141, '116', 'JOSE GRIMANIEL, VALLEJOS VASQUEZ', '27572990', '', 0, 'GARCIA EIRL', 'd41d8cd98f00b204e9800998ecf8427e', 3, 1, NULL),
(142, '117', 'HUGO ALFREDO, HUAMAN CORONADO', '70196058', '', 0, 'GARCIA EIRL', 'd41d8cd98f00b204e9800998ecf8427e', 3, 1, NULL),
(143, '118', 'GILBERTO, CHUQUIRUNA DE LA CRUZ', '73388712', '', 0, 'CONSORCIO A&A SRL', 'd41d8cd98f00b204e9800998ecf8427e', 3, 1, NULL),
(144, '119', 'DANIEL SANTOS, SALCEDO ZAMBRANO', '41249590', '', 0, 'INVERSIONES DIACAR EIRL', 'd41d8cd98f00b204e9800998ecf8427e', 3, 1, NULL),
(145, '120', 'JORGE, GUTIERREZ SANCHEZ', '41827446', '', 0, 'GARCIA EIRL', 'd41d8cd98f00b204e9800998ecf8427e', 3, 1, NULL),
(146, '121', 'MIGUEL ANGEL, SANCHEZ QUIROZ', '40730551', '', 0, 'GARCIA EIRL', 'd41d8cd98f00b204e9800998ecf8427e', 3, 1, NULL),
(147, '122', 'EDWIN OMAR, AREVALO ABANTO', '70196048', '', 0, 'FAISER INGENIEROS SAC', 'd41d8cd98f00b204e9800998ecf8427e', 3, 1, NULL),
(158, '001', 'jjj', 'jjj', '', 0, 'jjj', 'd41d8cd98f00b204e9800998ecf8427e', 3, 1, NULL),
(159, '08695518', '08695518', '08695518', NULL, NULL, '08695519', 'e10adc3949ba59abbe56e057f20f883e', 3, 1, NULL);

--
-- Índices para tablas volcadas
--

--
-- Indices de la tabla `certificados`
--
ALTER TABLE `certificados`
  ADD PRIMARY KEY (`certificado_id`);

--
-- Indices de la tabla `equipos`
--
ALTER TABLE `equipos`
  ADD PRIMARY KEY (`Equipo_Id`);

--
-- Indices de la tabla `tipousuario`
--
ALTER TABLE `tipousuario`
  ADD PRIMARY KEY (`TipoUsuario_id`);

--
-- Indices de la tabla `usuario`
--
ALTER TABLE `usuario`
  ADD PRIMARY KEY (`Usuario_Id`);

--
-- AUTO_INCREMENT de las tablas volcadas
--

--
-- AUTO_INCREMENT de la tabla `certificados`
--
ALTER TABLE `certificados`
  MODIFY `certificado_id` int(11) NOT NULL AUTO_INCREMENT, AUTO_INCREMENT=268;
--
-- AUTO_INCREMENT de la tabla `equipos`
--
ALTER TABLE `equipos`
  MODIFY `Equipo_Id` int(11) NOT NULL AUTO_INCREMENT, AUTO_INCREMENT=72;
--
-- AUTO_INCREMENT de la tabla `tipousuario`
--
ALTER TABLE `tipousuario`
  MODIFY `TipoUsuario_id` int(11) NOT NULL AUTO_INCREMENT, AUTO_INCREMENT=4;
--
-- AUTO_INCREMENT de la tabla `usuario`
--
ALTER TABLE `usuario`
  MODIFY `Usuario_Id` int(11) NOT NULL AUTO_INCREMENT, AUTO_INCREMENT=160;COMMIT;

/*!40101 SET CHARACTER_SET_CLIENT=@OLD_CHARACTER_SET_CLIENT */;
/*!40101 SET CHARACTER_SET_RESULTS=@OLD_CHARACTER_SET_RESULTS */;
/*!40101 SET COLLATION_CONNECTION=@OLD_COLLATION_CONNECTION */;
